{"cameraMode":{"drawMode":0,"name":"Shaded","section":"Shading Mode"},"sceneLighting":false,"audioPlay":false,"sceneViewState":{"m_AlwaysRefresh":true,"showFog":true,"showSkybox":false,"showFlares":true,"showImageEffects":true,"showParticleSystems":false,"showVisualEffectGraphs":true,"m_FxEnabled":true},"in2DMode":false,"pivot":{"x":-10.906654357910157,"y":-8.391571998596192,"z":7.353964805603027},"rotation":{"x":-0.28689807653427126,"y":0.08696211874485016,"z":-0.026164671406149865,"w":-0.9537135362625122},"size":12.603689193725586,"orthographic":false}