{"cameraMode":{"drawMode":0,"name":"Shaded","section":"Shading Mode"},"sceneLighting":false,"audioPlay":false,"sceneViewState":{"m_AlwaysRefresh":true,"showFog":true,"showSkybox":false,"showFlares":true,"showImageEffects":true,"showParticleSystems":false,"showVisualEffectGraphs":true,"m_FxEnabled":true},"in2DMode":false,"pivot":{"x":2.853504180908203,"y":1.3923847675323487,"z":-3.722033977508545},"rotation":{"x":0.042849693447351459,"y":0.8591024279594421,"z":-0.07284723967313767,"w":0.5048809051513672},"size":7.4607014656066898,"orthographic":false}