{"cameraMode":{"drawMode":0,"name":"Shaded","section":"Shading Mode"},"sceneLighting":true,"audioPlay":false,"sceneViewState":{"m_AlwaysRefresh":true,"showFog":true,"showSkybox":true,"showFlares":true,"showImageEffects":true,"showParticleSystems":false,"showVisualEffectGraphs":true,"m_FxEnabled":true},"in2DMode":false,"pivot":{"x":44.79857635498047,"y":13.824651718139649,"z":-0.836320698261261},"rotation":{"x":0.4624629020690918,"y":-0.0012038606218993664,"z":0.0023272463586181404,"w":0.8869984149932861},"size":22.440380096435548,"orthographic":false}