{"cameraMode":{"drawMode":0,"name":"Shaded","section":"Shading Mode"},"sceneLighting":true,"audioPlay":false,"sceneViewState":{"m_AlwaysRefresh":true,"showFog":true,"showSkybox":true,"showFlares":true,"showImageEffects":true,"showParticleSystems":false,"showVisualEffectGraphs":true,"m_FxEnabled":true},"in2DMode":false,"pivot":{"x":47.016117095947269,"y":7.2501220703125,"z":15.08669662475586},"rotation":{"x":0.2835772633552551,"y":-0.00283609377220273,"z":0.0022347765043377878,"w":0.9593649506568909},"size":26.336517333984376,"orthographic":false}