{"cameraMode":{"drawMode":0,"name":"Shaded","section":"Shading Mode"},"sceneLighting":true,"audioPlay":false,"sceneViewState":{"m_AlwaysRefresh":true,"showFog":true,"showSkybox":true,"showFlares":true,"showImageEffects":true,"showParticleSystems":false,"showVisualEffectGraphs":true,"m_FxEnabled":true},"in2DMode":false,"pivot":{"x":-2.316854476928711,"y":-11.274109840393067,"z":38.9496955871582},"rotation":{"x":0.17120885848999024,"y":0.04282759875059128,"z":-0.007431102450937033,"w":0.9843257069587708},"size":28.755693435668947,"orthographic":false}