{"cameraMode":{"drawMode":0,"name":"Shaded","section":"Shading Mode"},"sceneLighting":false,"audioPlay":false,"sceneViewState":{"m_AlwaysRefresh":true,"showFog":true,"showSkybox":false,"showFlares":true,"showImageEffects":true,"showParticleSystems":false,"showVisualEffectGraphs":true,"m_FxEnabled":true},"in2DMode":false,"pivot":{"x":-0.0000019073486328125,"y":3.9854302406311037,"z":0.0020694732666015627},"rotation":{"x":-0.6669577360153198,"y":0.013989665545523167,"z":-0.012757285498082638,"w":-0.7449604868888855},"size":32.074066162109378,"orthographic":false}