{"cameraMode":{"drawMode":0,"name":"Shaded","section":"Shading Mode"},"sceneLighting":false,"audioPlay":false,"sceneViewState":{"m_AlwaysRefresh":true,"showFog":true,"showSkybox":false,"showFlares":true,"showImageEffects":true,"showParticleSystems":false,"showVisualEffectGraphs":true,"m_FxEnabled":true},"in2DMode":false,"pivot":{"x":-0.5988247394561768,"y":1.7543160915374756,"z":-2.93373703956604},"rotation":{"x":0.11815822869539261,"y":0.39266231656074526,"z":-0.050913821905851367,"w":0.9106957316398621},"size":7.474289894104004,"orthographic":false}